year,company,snapshot_count
2014,Slack,8
2015,Slack,13
2016,Slack,11
2017,Slack,10
2018,Slack,6
2019,Slack,15
2020,Slack,7
2021,Slack,12
2022,Slack,26
2023,Slack,27
2024,Slack,42
2025,Slack,41
2026,Slack,25
2016,Airtable,5
2017,Airtable,2
2018,Airtable,5
2019,Airtable,5
2020,Airtable,11
2021,Airtable,12
2022,Airtable,13
2023,Airtable,25
2024,Airtable,8
2017,Notion,1
2018,Notion,4
2019,Notion,1
2021,Notion,21
2022,Notion,22
2023,Notion,23
2024,Notion,34
2025,Notion,4
2026,Notion,2
2011,HubSpot,7
2012,HubSpot,20
2013,HubSpot,21
2014,HubSpot,21
2015,HubSpot,12
2026,HubSpot,4
2013,Zoom,7
2014,Zoom,7
2015,Zoom,12
2016,Zoom,17
2017,Zoom,16
2018,Zoom,7
2019,Zoom,10
2020,Zoom,35
2021,Zoom,25
2022,Zoom,28
2023,Zoom,35
2024,Zoom,37
2025,Zoom,32
2026,Zoom,24
2016,Figma,2
2017,Figma,1
2018,Figma,15
2019,Figma,12
2020,Figma,8
2021,Figma,14
2022,Figma,15
2023,Figma,19
2024,Figma,18
2025,Figma,31
2026,Figma,10
2016,ConvertKit,4
2017,ConvertKit,1
2018,ConvertKit,3
2019,ConvertKit,5
2020,ConvertKit,9
2021,ConvertKit,5
2022,ConvertKit,4
2023,ConvertKit,17
2024,ConvertKit,11
2020,Canva,14
2021,Canva,19
2023,Canva,1
2024,Canva,9
2025,Canva,21
2026,Canva,5
2019,Coda,2
2020,Coda,8
2021,Coda,23
2022,Coda,14
2023,Coda,29
2024,Coda,30
2025,Coda,38
2026,Coda,17
2014,GitHub,4
2015,GitHub,16
2016,GitHub,23
2017,GitHub,31
2018,GitHub,49
2019,GitHub,42
2020,GitHub,27
2021,GitHub,61
2022,GitHub,37
2023,GitHub,32
2024,GitHub,23
2025,GitHub,28
2026,GitHub,8
2020,Linear,4
2021,Linear,4
2022,Linear,6
2023,Linear,6
2024,Linear,10
2025,Linear,13
2026,Linear,16
2019,Stripe,14
2020,Stripe,18
2021,Stripe,22
2022,Stripe,21
2023,Stripe,20
2024,Stripe,29
2025,Stripe,26
2026,Stripe,21
2020,Vercel,12
2021,Vercel,12
2022,Vercel,29
2023,Vercel,26
2024,Vercel,20
2025,Vercel,43
2026,Vercel,23
