company,domain,total_snapshots,first_snapshot_timestamp,last_snapshot_timestamp
Slack,slack.com,742,20140212215245,20260804172053
Airtable,airtable.com,913,20150706230351,20260808181113
Notion,notion.so,550,20171029042702,20260801184407
HubSpot,hubspot.com,1467,20110618091614,20260804171757
Zoom,zoom.us,1990,20130130110337,20260809001522
Figma,figma.com,594,20160310052258,20260808005752
ConvertKit,convertkit.com,321,20150907214950,20260608151414
Canva,canva.com,491,20170722220349,20260807101358
Coda,coda.io,184,20191024165731,20260728171719
GitHub,github.com,3284,20140605102233,20260808003732
Linear,linear.app,166,20200701053740,20260803130245
Stripe,stripe.com,1356,20111017075035,20260808045402
Vercel,vercel.com,470,20200422121817,20260804124654
